2009-01-01,0.0
2009-01-02,0.0
2009-01-05,0.0
2009-01-06,0.04209057334487876
2009-01-07,-0.0689869347336971
2009-01-08,-0.0689869347336971
2009-01-09,-0.01832998606924008
2009-01-12,0.04503561146488222
2009-01-13,0.07831703783981125
2009-01-14,0.044261497762597135
2009-01-15,0.13602161730190043
2009-01-16,0.08773047279977608
2009-01-19,0.095877079160965
2009-01-20,0.14628835426347708
2009-01-21,0.23926331053992356
2009-01-22,0.2531089459075566
2009-01-23,0.3004648360443962
2009-01-26,0.3004648360443962
2009-01-27,0.2099721645072522
2009-01-28,0.14712924640469005
2009-01-29,0.11373263038114689
2009-01-30,0.07058468652052086
2009-02-02,0.06392996958675712
2009-02-03,0.08755570253703637
2009-02-04,0.09308938724623894
2009-02-05,0.09777122638607572
2009-02-06,0.03988802038839678
2009-02-09,0.05747334431534523
2009-02-10,0.07254004385096957
2009-02-11,0.08821696281203417
2009-02-12,0.05800602624335316
2009-02-13,0.09883487401444813
2009-02-16,0.028565765214761396
2009-02-17,0.09446848890324189
2009-02-18,0.12045959503769021
2009-02-19,0.13106678830046714
2009-02-20,0.18247785725697774
2009-02-23,0.18247785725697774
2009-02-24,0.20461349340257018
2009-02-25,0.17761993677030186
2009-02-26,0.22850502204821688
2009-02-27,0.21553820650496947
2009-03-02,0.2801711839652652
2009-03-03,0.30636766017646133
2009-03-04,0.3290966023986557
2009-03-05,0.3747119841723967
2009-03-06,0.3544171667731657
2009-03-09,0.40199360585450494
2009-03-10,0.40199360585450494
2009-03-11,0.40199360585450494
2009-03-12,0.34994008596061377
2009-03-13,0.30813165479570914
2009-03-16,0.2927488895568735
2009-03-17,0.2844414957065017
2009-03-18,0.30874809080213617
2009-03-19,0.3038211473462562
2009-03-20,0.2553701898214499
2009-03-23,0.2929142067207813
2009-03-24,0.31923516387246653
2009-03-25,0.353443556734943
2009-03-26,0.4591552920644264
2009-03-27,0.5115823773752737
2009-03-30,0.33973295384252533
2009-03-31,0.40780081254671696
2009-04-01,0.41952652829041903
2009-04-02,0.5452954943760069
2009-04-03,0.5452954943760069
2009-04-06,0.5864065258396658
2009-04-07,0.5864065258396658
2009-04-08,0.6309465525981612
2009-04-09,0.6595883112123693
2009-04-10,0.6595883112123693
2009-04-13,0.7778368440998926
2009-04-14,0.7778368440998926
2009-04-15,0.8970078064033091
2009-04-16,0.7845300655814647
2009-04-17,0.7966543870255876
2009-04-20,0.7949413337863831
2009-04-21,0.716783117689143
2009-04-22,0.7213684521104409
2009-04-23,0.7751950249590631
2009-04-24,0.8302457686770683
2009-04-27,0.8464972026272433
2009-04-28,0.741740152747723
2009-04-29,0.8460585751771403
2009-04-30,0.8544483127244245
2009-05-01,0.8544483127244245
2009-05-04,1.0183032764302185
2009-05-05,1.0579106291696672
2009-05-06,0.9931261002492691
2009-05-07,1.0511103650263347
2009-05-08,0.9830245366720942
2009-05-11,0.9383255185883075
2009-05-12,1.0248611561913763
2009-05-13,0.9816963414613118
2009-05-14,0.9444028830186741
2009-05-15,0.9988960115130061
2009-05-18,1.4266520122553088
2009-05-19,1.5394887962058788
2009-05-20,1.5929556512891578
2009-05-21,1.5010869753843028
2009-05-22,1.5124057711345587
2009-05-25,1.5149158269124872
2009-05-26,1.4209739150052112
2009-05-27,1.5537145690208414
2009-05-28,1.5898361091005968
2009-05-29,1.6388566639077735
2009-06-01,1.6452509733769158
2009-06-02,1.663219074783481
2009-06-03,1.6626418903894262
2009-06-04,1.705968006909971
2009-06-05,1.7450705556158173
2009-06-08,1.6251781349657497
2009-06-09,1.6642275653870047
2009-06-10,1.778040535311209
2009-06-11,1.8207335863680114
2009-06-12,1.7650640016639767
2009-06-15,1.7185369683584863
2009-06-16,1.7578390079039417
2009-06-17,1.6707504736949716
2009-06-18,1.6463794425244516
2009-06-19,1.626466162975683
2009-06-22,1.6316218950381425
2009-06-23,1.5803203322962902
2009-06-24,1.5842948147850244
2009-06-25,1.5584054948308323
2009-06-26,1.5748020390751079
2009-06-29,1.6168671396442522
2009-06-30,1.6103280577982735
2009-07-01,1.6049940681136377
2009-07-02,1.6038663398791135
2009-07-03,1.6384393455420505
2009-07-06,1.5037070989344212
2009-07-07,1.4790800983929384
2009-07-08,1.563836242876072
2009-07-09,1.5773410207527963
2009-07-10,1.6227981354101266
2009-07-13,1.6270842889631518
2009-07-14,1.5530009177179145
2009-07-15,1.4828995234180353
2009-07-16,1.4689269661581137
2009-07-17,1.4803962470317658
2009-07-20,1.575375245804985
2009-07-21,1.5648757327149465
2009-07-22,1.525940100400877
2009-07-23,1.6143553139616773
2009-07-24,1.675272088789359
2009-07-27,1.6671696565878447
2009-07-28,1.7047930396661846
2009-07-29,1.6651225566160686
2009-07-30,1.6650118689048217
2009-07-31,1.7429864488620868
2009-08-03,1.8358647983072052
2009-08-04,1.8406035381948238
2009-08-05,1.8336128635802305
2009-08-06,1.7504283083227123
2009-08-07,1.6840134983251585
2009-08-10,1.7018864966048959
2009-08-11,1.709782504525922
2009-08-12,1.7377521649453305
2009-08-13,1.660614757780137
2009-08-14,1.6353835177786378
2009-08-17,1.49676763375484
2009-08-18,1.4580804493781037
2009-08-19,1.470443596837895
2009-08-20,1.432455454408301
2009-08-21,1.4161157184830224
2009-08-24,1.4968577500804738
2009-08-25,1.5169296850492169
2009-08-26,1.520089786051002
2009-08-27,1.498727664661709
2009-08-28,1.5252480230896979
2009-08-31,1.5055213861621055
2009-09-01,1.5466125460626523
2009-09-02,1.5361331509596683
2009-09-03,1.5208835711464332
2009-09-04,1.5226210085284118
2009-09-07,1.6381969286889224
2009-09-08,1.646943231097759
2009-09-09,1.645842324909594
2009-09-10,1.6592565048284538
2009-09-11,1.662813921377672
2009-09-14,1.6775297362120312
2009-09-15,1.7266066951114036
2009-09-16,1.8014440510846543
2009-09-17,1.8254776639575832
2009-09-18,1.8321934262051252
2009-09-21,1.8321934262051252
2009-09-22,1.8719943107163162
2009-09-23,1.8541018203713582
2009-09-24,1.874545708670757
2009-09-25,1.8407653943430178
2009-09-28,1.8407653943430178
2009-09-29,1.8533073907509356
2009-09-30,1.9292396425284661
2009-10-01,1.9185709642776352
2009-10-02,1.9185709642776352
2009-10-05,1.8523074891843396
2009-10-06,1.8859057139033835
2009-10-07,1.8480807572295408
2009-10-08,1.8355204086173504
2009-10-09,1.7710426610124854
2009-10-12,1.7389443600162453
2009-10-13,1.7369039892645994
2009-10-14,1.740016726757287
2009-10-15,1.757363397324398
2009-10-16,1.8012731069365837
2009-10-19,1.8012731069365837
2009-10-20,1.7790579809022007
2009-10-21,1.708394993126381
2009-10-22,1.686674467053691
2009-10-23,1.6951899237123278
2009-10-26,1.6875817526927446
2009-10-27,1.714152993501145
2009-10-28,1.7224213111395024
2009-10-29,1.7650312375221002
2009-10-30,1.7412376042151927
2009-11-02,1.7412376042151927
2009-11-03,1.7682763626569864
2009-11-04,1.6762569354635035
2009-11-05,1.6630779393809412
2009-11-06,1.6320742333135076
2009-11-09,1.566199018801352
2009-11-10,1.5759200509393076
2009-11-11,1.639005895399436
2009-11-12,1.6029960608424527
2009-11-13,1.6064149788262356
2009-11-16,1.6605026537847827
2009-11-17,1.6612670007242787
2009-11-18,1.665042485945198
2009-11-19,1.621568674536
2009-11-20,1.6553686104373264
2009-11-23,1.6818463978029639
2009-11-24,1.6878653054695079
2009-11-25,1.6961050905114943
2009-11-26,1.622439886139914
2009-11-27,1.6137267865383929
2009-11-30,1.6204286201126994
2009-12-01,1.6575578253282093
2009-12-02,1.695737043171596
2009-12-03,1.6870728267194954
2009-12-04,1.6716895188294945
2009-12-07,1.6646301998754736
2009-12-08,1.6874462361821567
2009-12-09,1.6908080420070792
2009-12-10,1.6683310906285542
2009-12-11,1.6760254649373751
2009-12-14,1.6825202371872288
2009-12-15,1.6862910555742632
2009-12-16,1.7069097806515976
2009-12-17,1.7141774902587408
2009-12-18,1.7543721346442096
2009-12-21,1.7634314553194121
2009-12-22,1.74485303605917
2009-12-23,1.6919025339175946
2009-12-24,1.7139973368530645
2009-12-25,1.7139973368530645
2009-12-28,1.7139973368530645
2009-12-29,1.7312541508548516
2009-12-30,1.72970634608833
2009-12-31,1.7244408889803786
2010-01-01,1.7244408889803786
2010-01-04,1.7591737606814246
2010-01-05,1.768434035869985
2010-01-06,1.7899004796586846
2010-01-07,1.7622456608302022
2010-01-08,1.7609508272349703
2010-01-11,1.7481157933956326
2010-01-12,1.7508631105025383
2010-01-13,1.764027282519155
2010-01-14,1.7768396272799827
2010-01-15,1.7827279931499072
2010-01-18,1.761051877413598
2010-01-19,1.755381131896304
2010-01-20,1.7464598088567767
2010-01-21,1.6975419774833795
2010-01-22,1.7324329994347971
2010-01-25,1.7518731124131415
2010-01-26,1.7518731124131415
2010-01-27,1.89352472080641
2010-01-28,1.8925068666638285
2010-01-29,1.8570533930940172
2010-02-01,1.8436169350767802
2010-02-02,1.8917853521257453
2010-02-03,1.8398171811782151
2010-02-04,1.887575310215775
2010-02-05,1.9418231906390104
2010-02-08,1.9229035357519644
2010-02-09,1.9102944441358738
2010-02-10,1.9367026546598594
2010-02-11,1.8865788688773988
2010-02-12,1.8865788688773988
2010-02-15,1.906797291574881
2010-02-16,1.8635066684454256
2010-02-17,1.8265183665510942
2010-02-18,1.8303305261538174
2010-02-19,1.8475599723417153
2010-02-22,1.8342043028603503
2010-02-23,1.8320632084834532
2010-02-24,1.8319129468585782
2010-02-25,1.8415245036253307
2010-02-26,1.8153630126032652
2010-03-01,1.8153630126032652
2010-03-02,1.930104602953691
2010-03-03,1.9643157295568026
2010-03-04,1.9583617905322686
2010-03-05,1.9506943199601974
2010-03-08,1.9787864318576764
2010-03-09,1.968442620254927
2010-03-10,1.962782013342333
2010-03-11,1.9659261571647784
2010-03-12,1.9563872312121224
2010-03-15,1.9469762637431618
2010-03-16,1.9747708884000688
2010-03-17,1.9802353165771147
2010-03-18,1.9914788309910987
2010-03-19,2.0003940685852126
2010-03-22,1.9738039548747457
2010-03-23,2.000307204740319
2010-03-24,2.000307204740319
2010-03-25,2.036761041307822
2010-03-26,2.029290889468499
2010-03-29,2.0401971639192285
2010-03-30,2.006081607033553
2010-03-31,2.003498972957298
2010-04-01,2.038023784641415
2010-04-02,2.038023784641415
2010-04-05,2.0749484800531746
2010-04-06,2.0754180923499104
2010-04-07,2.0773895118905448
2010-04-08,2.0375879488434117
2010-04-09,2.0920216748240956
2010-04-12,2.060904682638669
2010-04-13,2.045301422260066
2010-04-14,2.045301422260066
2010-04-15,2.0470776572857474
2010-04-16,2.057486820926016
2010-04-19,2.0625948794898337
2010-04-20,2.0490148198966294
2010-04-21,2.0440403720881806
2010-04-22,2.0748782099532503
2010-04-23,2.1021492781535707
2010-04-26,2.1150462175364644
2010-04-27,2.110936835139319
2010-04-28,2.097902336149775
2010-04-29,2.0985681931391533
2010-04-30,2.1302136796258497
2010-05-03,2.1020091170325808
2010-05-04,2.110308162613965
2010-05-05,2.1120568420828354
2010-05-06,2.1134336362350004
2010-05-07,2.1723769131197477
2010-05-10,2.074083976354881
2010-05-11,2.1035956566704215
2010-05-12,2.112555446279063
2010-05-13,2.0760112750006536
2010-05-14,2.0557182524970976
2010-05-17,2.0435364467624906
2010-05-18,2.0729215707813617
2010-05-19,2.1767147242226708
2010-05-20,2.1714526230577587
2010-05-21,2.17025874930589
2010-05-24,2.1741819502850825
2010-05-25,2.262306462284942
2010-05-26,2.1813263121512536
2010-05-27,2.1005782374386435
2010-05-28,2.08182780698077
2010-05-31,2.0780177690374413
2010-06-01,2.0931002120676405
2010-06-02,2.065062874050404
2010-06-03,2.0282932559164957
2010-06-04,2.0439185072444364
2010-06-07,2.0004636708424135
2010-06-08,2.0186635798970505
2010-06-09,2.0506736989680814
2010-06-10,1.9746082935400393
2010-06-11,2.0063222075288603
2010-06-14,2.0245350005231555
2010-06-15,2.0284194754650535
2010-06-16,2.0637372642776977
2010-06-17,2.0969273324847575
2010-06-18,2.0807202637629345
2010-06-21,2.125824263039093
2010-06-22,2.0989874614796644
2010-06-23,2.112734629119214
2010-06-24,2.0954440225956446
2010-06-25,2.0427429050671675
2010-06-28,2.044413950424742
2010-06-29,1.9948539635269915
2010-06-30,1.998682598879048
2010-07-01,1.9563857637139823
2010-07-02,1.9553678347984869
2010-07-05,1.9491570285936428
2010-07-06,1.9251448707112353
2010-07-07,1.9138301552353736
2010-07-08,1.9265180931872374
2010-07-09,1.9504686035619554
2010-07-12,1.9879376887507674
2010-07-13,2.010699918028717
2010-07-14,2.006718496576469
2010-07-15,1.9932332593550153
2010-07-16,2.019132825174152
2010-07-19,2.0179943847795103
2010-07-20,2.000039820180593
2010-07-21,2.0121752955328125
2010-07-22,2.046282943959292
2010-07-23,2.0485580187734627
2010-07-26,2.079864523107405
2010-07-27,2.102884831716007
2010-07-28,2.1085764424793245
2010-07-29,2.1331643082280447
2010-07-30,2.1111935067676026
2010-08-02,2.131402869208788
2010-08-03,2.1383671207412487
2010-08-04,2.145355424864505
2010-08-05,2.1479609186149213
2010-08-06,2.1615902246079157
2010-08-09,2.1987903535727282
2010-08-10,2.2779439574476825
2010-08-11,2.2939537605326312
2010-08-12,2.3214057152683507
2010-08-13,2.323776282187546
2010-08-16,2.2945414984207737
2010-08-17,2.304176443185352
2010-08-18,2.3383439225109885
2010-08-19,2.370303549520921
2010-08-20,2.3455512737794324
2010-08-23,2.351968129792783
2010-08-24,2.3481111191718727
2010-08-25,2.3202242656599807
2010-08-26,2.3260709637749306
2010-08-27,2.2849270030596798
2010-08-30,2.274312916234671
2010-08-31,2.271429403523555
2010-09-01,2.274432065073589
2010-09-02,2.290124493111838
2010-09-03,2.287700146947312
2010-09-06,2.3569806482645355
2010-09-07,2.362776645315301
2010-09-08,2.356657291653647
2010-09-09,2.3877225218234925
2010-09-10,2.3877225218234925
2010-09-13,2.466767191478106
2010-09-14,2.5001265696232657
2010-09-15,2.4980650604248487
2010-09-16,2.514335796446279
2010-09-17,2.5279796740307146
2010-09-20,2.5729427473243622
2010-09-21,2.597653097306497
2010-09-22,2.6137897037800775
2010-09-23,2.594888942899501
2010-09-24,2.6202739250174334
2010-09-27,2.6243142170935165
2010-09-28,2.6198284126008478
2010-09-29,2.6135370484437717
2010-09-30,2.6354760746736763
2010-10-01,2.6872126322417076
2010-10-04,2.709652497137914
2010-10-05,2.6988130572672304
2010-10-06,2.7106735386919407
2010-10-07,2.677539628787602
2010-10-08,2.6561723969345588
2010-10-11,2.702489124050543
2010-10-12,2.7008275959301637
2010-10-13,2.7490271001039934
2010-10-14,2.7286457374296624
2010-10-15,2.661482327192612
2010-10-18,2.6559492628421557
2010-10-19,2.663996658544373
2010-10-20,2.669794335577314
2010-10-21,2.6415818658988055
2010-10-22,2.6333503436095005
2010-10-25,2.6732175131969527
2010-10-26,2.681511343550894
2010-10-27,2.658591873544293
2010-10-28,2.6678592746421557
2010-10-29,2.610868016833304
2010-11-01,2.6012596723601913
2010-11-02,2.587666458587448
2010-11-03,2.5881832226925408
2010-11-04,2.6622097255293173
2010-11-05,2.6622097255293173
2010-11-08,2.6591028423834135
2010-11-09,2.6426154117380998
2010-11-10,2.6426634727141276
2010-11-11,2.6107243482059896
2010-11-12,2.597199486099047
2010-11-15,2.5780344921043277
2010-11-16,2.5817136420972897
2010-11-17,2.5817136420972897
2010-11-18,2.5376101824120956
2010-11-19,2.560207336243566
2010-11-22,2.4867217240611907
2010-11-23,2.502920573730181
2010-11-24,2.535710977247876
2010-11-25,2.5542213372601967
2010-11-26,2.5811680715939005
2010-11-29,2.531603241040128
2010-11-30,2.487101031315915
2010-12-01,2.4634084901793205
2010-12-02,2.494736741402819
2010-12-03,2.4859255505045628
2010-12-06,2.473400164155352
2010-12-07,2.4787802830298062
2010-12-08,2.490196470685775
2010-12-09,2.5336224106247225
2010-12-10,2.470268259093219
2010-12-13,2.4396819465367146
2010-12-14,2.439899548613302
2010-12-15,2.4949184813441403
2010-12-16,2.4751432744581026
2010-12-17,2.4751432744581026
2010-12-20,2.4827917441311165
2010-12-21,2.460447031862576
2010-12-22,2.4597793864771225
2010-12-23,2.450283776380709
2010-12-24,2.4205653952624013
2010-12-27,2.4187806583568325
2010-12-28,2.435949969160886
2010-12-29,2.4352559597502252
2010-12-30,2.4281418921193483
2010-12-31,2.429726706073123
2011-01-03,2.4426081714937533
2011-01-04,2.3985778502687896
2011-01-05,2.4085741851137836
2011-01-06,2.4247971851622827
2011-01-07,2.450189547851343
2011-01-10,2.527465339692141
2011-01-11,2.5274296255652553
2011-01-12,2.4399923430201245
2011-01-13,2.4942744456389576
2011-01-14,2.5888960490884125
2011-01-17,2.58792507613129
2011-01-18,2.545376283272091
2011-01-19,2.565333834252884
2011-01-20,2.539767274255884
2011-01-21,2.5368116815730626
2011-01-24,2.49628382778818
2011-01-25,2.5064680997876554
2011-01-26,2.5064680997876554
2011-01-27,2.5216024804936366
2011-01-28,2.5660177711438
2011-01-31,2.557262836633144
2011-02-01,2.6269299264369446
2011-02-02,2.6059040230603276
2011-02-03,2.538780256957718
2011-02-04,2.5967407582874547
2011-02-07,2.602782505904915
2011-02-08,2.656542347182415
2011-02-09,2.681746099241773
2011-02-10,2.6804275180678987
2011-02-11,2.5913156588203305
2011-02-14,2.4762549051152876
2011-02-15,2.4982721012661866
2011-02-16,2.493019406973867
2011-02-17,2.514538951433642
2011-02-18,2.4608548765328977
2011-02-21,2.45138834409709
2011-02-22,2.442795015256533
2011-02-23,2.4078701183952163
2011-02-24,2.5209722994378883
2011-02-25,2.462861149595678
2011-02-28,2.4571396153896217
2011-03-01,2.3123498287496806
2011-03-02,2.3123498287496806
2011-03-03,2.3100007910504274
2011-03-04,2.312573029851237
2011-03-07,2.234773557059637
2011-03-08,2.205075906418505
2011-03-09,2.219256840133433
2011-03-10,2.21356316982121
2011-03-11,2.2016851791630083
2011-03-14,2.1940033801582217
2011-03-15,2.1397812019041504
2011-03-16,2.0907952951008504
2011-03-17,2.0777107719755286
2011-03-18,2.1057778876737077
2011-03-21,2.1160774989970443
2011-03-22,2.07898956611439
2011-03-23,2.0465376915361513
2011-03-24,2.0565153952194555
2011-03-25,2.1198936500698506
2011-03-28,2.1527261703639624
2011-03-29,2.157274816530605
2011-03-30,2.2024308229383562
2011-03-31,2.196395312163971
2011-04-01,2.181200705096635
2011-04-04,2.2328155767532927
2011-04-05,2.2496369245850767
2011-04-06,2.243603223422717
2011-04-07,2.2322126189763174
2011-04-08,2.192152052914511
2011-04-11,2.1541497537245156
2011-04-12,2.1541497537245156
2011-04-13,2.1700590966544873
2011-04-14,2.1700590966544873
2011-04-15,2.13231529450343
2011-04-18,2.083181562839692
2011-04-19,2.0879620433890604
2011-04-20,2.0581860611734983
2011-04-21,2.0917314871690085
2011-04-22,2.0917314871690085
2011-04-25,2.0988497535370563
2011-04-26,2.098713188020959
2011-04-27,2.0837250903035445
2011-04-28,2.0584295885917543
2011-04-29,2.0662426888446497
2011-05-02,2.0679362134917363
2011-05-03,2.14993880316113
2011-05-04,2.1598782546177233
2011-05-05,2.2004824510218794
2011-05-06,2.1043576462817675
2011-05-09,2.1333028402976
2011-05-10,2.139176459765363
2011-05-11,2.1203205115178356
2011-05-12,2.139208705730435
2011-05-13,2.106250777926083
2011-05-16,2.123567550832239
2011-05-17,2.166926890776393
2011-05-18,2.197405490762911
2011-05-19,2.2024229406637197
2011-05-20,2.1121029677202907
2011-05-23,2.147653575101686
2011-05-24,2.1515436406828496
2011-05-25,2.1659277225605056
2011-05-26,2.1259203449444257
2011-05-27,2.119470974030337
2011-05-30,2.13514828009406
2011-05-31,2.121914823625398
2011-06-01,2.1362289748192573
2011-06-02,2.1676044815849993
2011-06-03,2.169306633795106
2011-06-06,2.1786781899782146
2011-06-07,2.181364223925651
2011-06-08,2.1596488612837654
2011-06-09,2.1625681354821675
2011-06-10,2.157384692747291
2011-06-13,2.171318341865192
2011-06-14,2.19342617467438
2011-06-15,2.1946031378764452
2011-06-16,2.2031465480635593
2011-06-17,2.2213893889616987
2011-06-20,2.2641764144820353
2011-06-21,2.2606652120951436
2011-06-22,2.2684852711715804
2011-06-23,2.2585707758576268
2011-06-24,2.217211239891606
2011-06-27,2.222965967294744
2011-06-28,2.2248243790415243
2011-06-29,2.2367498403027577
2011-06-30,2.2629561984055853
2011-07-01,2.266511180876398
2011-07-04,2.262826643504982
2011-07-05,2.2660230802393
2011-07-06,2.262509093163601
2011-07-07,2.298502230811552
2011-07-08,2.274905399657211
2011-07-11,2.25086928914838
2011-07-12,2.2187011607528984
2011-07-13,2.2254554633501717
2011-07-14,2.231656796475173
2011-07-15,2.206854865393513
2011-07-18,2.2039828522782923
2011-07-19,2.1509581016854566
2011-07-20,2.1156306078574136
2011-07-21,2.116251718390192
2011-07-22,2.1056007729626804
2011-07-25,2.1178697176894987
2011-07-26,2.050870687585481
2011-07-27,2.053296147083073
2011-07-28,2.0474245703880487
2011-07-29,2.0512608456985797
2011-08-01,2.034714476609511
2011-08-02,2.0670335388217995
2011-08-03,2.065669456018809
2011-08-04,2.0928046923768147
2011-08-05,2.1415578858552315
2011-08-08,2.218430640747207
2011-08-09,2.259452625883899
2011-08-10,2.199600039347181
2011-08-11,2.203504810473885
2011-08-12,2.269256008171044
2011-08-15,2.269256008171044
2011-08-16,2.2782709074794223
2011-08-17,2.28551191127415
2011-08-18,2.3808723485112755
2011-08-19,2.4577793489546234
2011-08-22,2.4151635915998275
2011-08-23,2.4132506236516376
2011-08-24,2.48482611563368
2011-08-25,2.5041156110014775
2011-08-26,2.5722162904066526
2011-08-29,2.4690994406645346
2011-08-30,2.4120467067727294
2011-08-31,2.4120467067727294
2011-09-01,2.4120467067727294
2011-09-02,2.389940843936922
2011-09-05,2.381519911094096
2011-09-06,2.361984079887928
2011-09-07,2.3577168805597317
2011-09-08,2.3510103756340266
2011-09-09,2.3005130225473294
2011-09-12,2.3238276511946054
2011-09-13,2.3655323074637256
2011-09-14,2.3192906995900238
2011-09-15,2.2618329244043345
2011-09-16,2.196304334689755
2011-09-19,2.1959414452596064
2011-09-20,2.1800928965665394
2011-09-21,2.15850887410815
2011-09-22,2.022317900771712
2011-09-23,2.0812302028562586
2011-09-26,2.090022855345697
2011-09-27,1.9923113653666942
2011-09-28,1.9927801030290948
2011-09-29,1.9710766753286557
2011-09-30,1.950143686348034
2011-10-03,1.9963403567408562
2011-10-04,2.0681027910803005
2011-10-05,2.0987147398773596
2011-10-06,2.0987147398773596
2011-10-07,1.9791128391974122
2011-10-10,1.9753605132234557
2011-10-11,1.994903474557291
2011-10-12,1.9729653475800473
2011-10-13,1.9810553104112718
2011-10-14,2.0232057204066627
2011-10-17,2.0468868539958445
2011-10-18,1.9961177882863361
2011-10-19,2.0378462876866204
2011-10-20,2.0029240622619433
2011-10-21,1.9707269274959944
2011-10-24,1.9985366114696745
2011-10-25,2.0196345183419293
2011-10-26,2.0196345183419293
2011-10-27,2.0196345183419293
2011-10-28,2.0789591907698597
2011-10-31,2.053159656266156
2011-11-01,2.0059117234183734
2011-11-02,1.9951484558473043
2011-11-03,1.9878694329002724
2011-11-04,1.990468129702087
2011-11-07,1.990468129702087
2011-11-08,2.0027696239601793
2011-11-09,1.9354583340717442
2011-11-10,1.9354583340717442
2011-11-11,1.993397444136607
2011-11-14,2.025636132668235
2011-11-15,2.056535955614766
2011-11-16,2.060940563991554
2011-11-17,2.1323483765675757
2011-11-18,2.1697705984576334
2011-11-21,2.2704492641998506
2011-11-22,2.2044393663238773
2011-11-23,2.27633101196607
2011-11-24,2.2346838246964964
2011-11-25,2.257107342545163
2011-11-28,2.1431838235769463
2011-11-29,2.1495721406480808
2011-11-30,2.1619985578501684
2011-12-01,2.0603517287751414
2011-12-02,2.101411504294246
2011-12-05,2.092807919956563
2011-12-06,2.092807919956563
2011-12-07,2.0996239362775606
2011-12-08,2.0691580077752505
2011-12-09,2.075694437035069
2011-12-12,2.091088992505459
2011-12-13,2.071930438789868
2011-12-14,2.0933216637993226
2011-12-15,2.135726928043504
2011-12-16,2.1972933883827226
2011-12-19,2.220846270051199
2011-12-20,2.25465750585352
2011-12-21,2.1355019620156566
2011-12-22,2.0704944463204136
2011-12-23,2.0788829267167355
2011-12-26,2.0613165574222077
2011-12-27,2.042608393542605
2011-12-28,2.0349565493940545
2011-12-29,2.0575705517600738
2011-12-30,2.0704522281849584
2012-01-02,2.032618237425208
2012-01-03,1.9872237450337453
2012-01-04,2.0206335017876818
2012-01-05,2.031988723870323
2012-01-06,2.035872263642207
2012-01-09,2.0239101758481834
2012-01-10,2.0479412501361995
2012-01-11,2.0607501704099125
2012-01-12,2.0749429248894993
2012-01-13,2.0901071307252166
2012-01-16,2.121113307558651
2012-01-17,2.195533353755881
2012-01-18,2.1889366776534906
2012-01-19,2.2465077051025197
2012-01-20,2.2815888749083935
2012-01-23,2.3081943452983222
2012-01-24,2.368515372002522
2012-01-25,2.406222298456737
2012-01-26,2.406222298456737
2012-01-27,2.4434270813549595
2012-01-30,2.3690845223934462
2012-01-31,2.4620330302524467
2012-02-01,2.4905930235581035
2012-02-02,2.4981835785729447
2012-02-03,2.538268091226044
2012-02-06,2.577119335103408
2012-02-07,2.572311143944837
2012-02-08,2.579326050414929
2012-02-09,2.626340431882137
2012-02-10,2.6017852176378558
2012-02-13,2.5953903422491758
2012-02-14,2.653749483859403
2012-02-15,2.7706415373370357
2012-02-16,2.7682268770794316
2012-02-17,2.776226618355455
2012-02-20,2.776226618355455
2012-02-21,2.7858435669178725
2012-02-22,2.71038699150922
2012-02-23,2.693085609665701
2012-02-24,2.6568995821972665
2012-02-27,2.5651611044071903
2012-02-28,2.5443014229751277
2012-02-29,2.5265111972896044
2012-03-01,2.4934950768167363
2012-03-02,2.488550045826983
2012-03-05,2.5080443879059837
2012-03-06,2.5225298527739026
2012-03-07,2.508170816333447
2012-03-08,2.508170816333447
2012-03-09,2.4950543107922174
2012-03-12,2.521683700011568
2012-03-13,2.5467584589624535
2012-03-14,2.589006105880162
2012-03-15,2.5413633640055853
2012-03-16,2.50953908112166
2012-03-19,2.5218009830318375
2012-03-20,2.478121715366628
2012-03-21,2.426453536724609
2012-03-22,2.3428224065135312
2012-03-23,2.3069583590326532
2012-03-26,2.360914319263959
2012-03-27,2.3395618650523105
2012-03-28,2.3600380242688113
2012-03-29,2.3626354173220037
2012-03-30,2.2911591673232046
2012-04-02,2.2936617953024454
2012-04-03,2.2836601216031682
2012-04-04,2.2567347046066777
2012-04-05,2.2567347046066777
2012-04-06,2.2567347046066777
2012-04-09,2.2698059529037566
2012-04-10,2.284581592506366
2012-04-11,2.285608100788874
2012-04-12,2.2808751936289657
2012-04-13,2.305152054112783
2012-04-16,2.3400633147246213
2012-04-17,2.334055946271535
2012-04-18,2.35838095164424
2012-04-19,2.40590048387509
2012-04-20,2.399870526293927
2012-04-23,2.3615046900028798
2012-04-24,2.3533528209698655
2012-04-25,2.3788399625103476
2012-04-26,2.371599928571004
2012-04-27,2.369736003601334
2012-04-30,2.3540092939971817
2012-05-01,2.3540092939971817
2012-05-02,2.3202975005591346
2012-05-03,2.3288918402337693
2012-05-04,2.362570450435289
2012-05-07,2.323584666676254
2012-05-08,2.353954189956047
2012-05-09,2.3895319644409616
2012-05-10,2.4233614562006998
2012-05-11,2.4238919611243945
2012-05-14,2.4560325038314312
2012-05-15,2.4504235106140997
2012-05-16,2.5474513143202344
2012-05-17,2.5322636002976147
2012-05-18,2.5388805473025586
2012-05-21,2.501094735600402
2012-05-22,2.5181735709528326
2012-05-23,2.534220994721813
2012-05-24,2.403331559799322
2012-05-25,2.42011430427776
2012-05-28,2.398841156508393
2012-05-29,2.399218029609592
2012-05-30,2.4573484324591313
2012-05-31,2.4656576988687737
2012-06-01,2.5218114890811316
2012-06-04,2.5136213339023747
2012-06-05,2.5332430385908404
2012-06-06,2.469944943769587
2012-06-07,2.484789607236247
2012-06-08,2.4901946529597745
2012-06-11,2.502898607912341
2012-06-12,2.495712897909493
2012-06-13,2.531158709574687
2012-06-14,2.5303327873935766
2012-06-15,2.520496289991753
2012-06-18,2.479894309206
2012-06-19,2.4950125136236494
2012-06-20,2.485798612085258
2012-06-21,2.5197710783700886
2012-06-22,2.5067392082563247
2012-06-25,2.4785214724393
2012-06-26,2.484533816470087
2012-06-27,2.4713690358672045
2012-06-28,2.4712094520588046
2012-06-29,2.5492097608427446
2012-07-02,2.574289111039529
2012-07-03,2.5881437256255317
2012-07-04,2.6147542704867854
2012-07-05,2.6300716095816403
2012-07-06,2.6206439232202157
2012-07-09,2.5958264504791337
2012-07-10,2.620671957646694
2012-07-11,2.5881770846728123
2012-07-12,2.578774563573347
2012-07-13,2.5719142640467343
2012-07-16,2.5924933008053603
2012-07-17,2.6017877893524917
2012-07-18,2.619971578997709
2012-07-19,2.5716758874713808
2012-07-20,2.550225438836035
2012-07-23,2.603182516142651
2012-07-24,2.592616598356394
2012-07-25,2.613520131364247
2012-07-26,2.644049870145408
2012-07-27,2.598846363656781
2012-07-30,2.5551270224447125
2012-07-31,2.5431965205289737
2012-08-01,2.5441142456178203
2012-08-02,2.5297849497968423
2012-08-03,2.531639278631139
2012-08-06,2.5223270519130168
2012-08-07,2.5556088016423493
2012-08-08,2.5519819942483934
2012-08-09,2.565789492833347
2012-08-10,2.5696077376637163
2012-08-13,2.566692757777237
2012-08-14,2.564245553289471
2012-08-15,2.564245553289471
2012-08-16,2.549156445538606
2012-08-17,2.5641455799198933
2012-08-20,2.5641455799198933
2012-08-21,2.595960256069282
2012-08-22,2.598259313093343
2012-08-23,2.5905965295498032
2012-08-24,2.586490151594904
2012-08-27,2.578134417511004
2012-08-28,2.5755229047447297
2012-08-29,2.5628135447085825
2012-08-30,2.5312415949115206
2012-08-31,2.554969780440125
2012-09-03,2.5502806634631465
2012-09-04,2.530881487993352
2012-09-05,2.580872592794999
2012-09-06,2.5586187072469855
2012-09-07,2.492975293907956
2012-09-10,2.502347046944132
2012-09-11,2.5155468587209606
2012-09-12,2.563376977371438
2012-09-13,2.553795107099588
2012-09-14,2.630225960221906
2012-09-17,2.7031530911175614
2012-09-18,2.6959541764018677
2012-09-19,2.6959541764018677
2012-09-20,2.6713047854522056
2012-09-21,2.7588162728711834
2012-09-24,2.773526188076609
2012-09-25,2.749279189686267
2012-09-26,2.730518386116933
2012-09-27,2.7258692941929725
2012-09-28,2.7591345867612507
2012-10-01,2.779419989593702
2012-10-02,2.779419989593702
2012-10-03,2.7838866559003956
2012-10-04,2.8340546597461524
2012-10-05,2.8285952273942887
2012-10-08,2.7777117876303397
2012-10-09,2.7883709539347596
2012-10-10,2.750073023164275
2012-10-11,2.7748696944605884
2012-10-12,2.7600988193154326
2012-10-15,2.7531691310658584
2012-10-16,2.7263249344175113
2012-10-17,2.717329920822019
2012-10-18,2.732718535249762
2012-10-19,2.709256571419292
2012-10-22,2.7213037137280125
2012-10-23,2.7203219335560025
2012-10-24,2.7203219335560025
2012-10-25,2.7303035604259946
2012-10-26,2.7303035604259946
2012-10-29,2.734274968517159
2012-10-30,2.7807761367244668
2012-10-31,2.7659481466665494
2012-11-01,2.7301188981041253
2012-11-02,2.7127381712423144
2012-11-05,2.7143989485215876
2012-11-06,2.6993926344651666
2012-11-07,2.711989278217141
2012-11-08,2.7388195069246057
2012-11-09,2.7014861897969706
2012-11-12,2.7005759634645194
2012-11-13,2.7005759634645194
2012-11-14,2.7005759634645194
2012-11-15,2.6829114791802233
2012-11-16,2.681229006073359
2012-11-19,2.711109802406275
2012-11-20,2.71679261985296
2012-11-21,2.7084917091496505
2012-11-22,2.72535819798611
2012-11-23,2.726846993750534
2012-11-26,2.7159867363162498
2012-11-27,2.697322116777924
2012-11-28,2.697322116777924
2012-11-29,2.666056628653948
2012-11-30,2.6737657552329788
2012-12-03,2.6716511912423733
2012-12-04,2.6820884456284215
2012-12-05,2.7014997647276626
2012-12-06,2.735483436555801
2012-12-07,2.7434280476141195
2012-12-10,2.729430679617863
2012-12-11,2.715837844466786
2012-12-12,2.7067130182817403
2012-12-13,2.724659001886452
2012-12-14,2.7521412766834685
2012-12-17,2.746216409102859
2012-12-18,2.759974404499151
2012-12-19,2.7613579184826564
2012-12-20,2.7563936405638056
2012-12-21,2.7109672032469216
2012-12-24,2.7180791959188717
2012-12-25,2.7180791959188717
2012-12-26,2.738202046593867
2012-12-27,2.7381490672764124
2012-12-28,2.737696781767883
2012-12-31,2.7384645454972003
2013-01-01,2.7674133367115727
2013-01-02,2.807446233830789
2013-01-03,2.805539370751106
2013-01-04,2.8057017283798737
2013-01-07,2.8136117268048637
2013-01-08,2.816400788634879
2013-01-09,2.8466650752316385
2013-01-10,2.857651299146462
2013-01-11,2.8365759697386466
2013-01-14,2.8422345940540423
2013-01-15,2.8628144174954686
2013-01-16,2.7997709137560003
2013-01-17,2.8053683796991624
2013-01-18,2.791131062866289
2013-01-21,2.795345012563942
2013-01-22,2.7736523894778404
2013-01-23,2.7695732741430676
2013-01-24,2.785764508845533
2013-01-25,2.759485469955199
2013-01-28,2.7450928676545057
2013-01-29,2.734415555040111
2013-01-30,2.7464344629363806
2013-01-31,2.7395481952059226
2013-02-01,2.7808797268490544
2013-02-04,2.756078358745985
2013-02-05,2.763384517839441
2013-02-06,2.785905738849263
2013-02-07,2.788043359212777
2013-02-08,2.7978578145270188
2013-02-11,2.773929093297463
2013-02-12,2.754752981566508
2013-02-13,2.7489316858698905
2013-02-14,2.772770819517223
2013-02-15,2.760634921807598
2013-02-18,2.75446969030932
2013-02-19,2.7343853184454137
2013-02-20,2.738580202693056
2013-02-21,2.7695026714438304
2013-02-22,2.782611013045977
2013-02-25,2.762296986840954
2013-02-26,2.831796219367975
2013-02-27,2.826413628427993
2013-02-28,2.914540804459743
2013-03-01,2.8778296232766305
2013-03-04,2.878629865607974
2013-03-05,2.806615442718246
2013-03-06,2.8105880064904136
2013-03-07,2.7853588742774305
2013-03-08,2.7888156822970704
2013-03-11,2.7831893301362722
2013-03-12,2.775491906276847
2013-03-13,2.769507355952097
2013-03-14,2.7107586337317775
2013-03-15,2.66391624156264
2013-03-18,2.6871440486236335
2013-03-19,2.716577045077267
2013-03-20,2.7566775969954054
2013-03-21,2.799768828312345
2013-03-22,2.821912140628448
2013-03-25,2.841136799295345
2013-03-26,2.8189174114074937
2013-03-27,2.8189174114074937
2013-03-28,2.811135949422427
2013-03-29,2.811135949422427
2013-04-01,2.8115949810102334
2013-04-02,2.7792975164860607
2013-04-03,2.792743173498615
2013-04-04,2.824402763132152
2013-04-05,2.8032930793096558
2013-04-08,2.8120943090912753
2013-04-09,2.8113031039297023
2013-04-10,2.769547039532954
2013-04-11,2.728683630963083
2013-04-12,2.722035670935331
2013-04-15,2.6930900375005558
2013-04-16,2.7284871178301646
2013-04-17,2.75038549344434
2013-04-18,2.7758707960818443
2013-04-19,2.7758707960818443
2013-04-22,2.8256399153624807
2013-04-23,2.8081892613843538
2013-04-24,2.8081892613843538
2013-04-25,2.8783960216827227
2013-04-26,2.882418762605374
2013-04-29,2.8940149600576293
2013-04-30,2.89685436355911
2013-05-01,2.89685436355911
2013-05-02,2.9196122109388094
2013-05-03,2.8402523198577034
2013-05-06,2.8396126325223063
2013-05-07,2.875601487282344
2013-05-08,2.882146648897754
2013-05-09,2.8735590081624034
2013-05-10,2.9332931704665675
2013-05-13,2.8699445522448013
2013-05-14,2.8774374470312014
2013-05-15,2.9767588376491325
2013-05-16,2.9828114743720815
2013-05-17,2.9862180713510975
2013-05-20,2.9769059650409977
2013-05-21,2.925475686143905
2013-05-22,2.9216963033861383
2013-05-23,2.8394007772602303
2013-05-24,2.8562839502599164
2013-05-27,2.834045917537847
2013-05-28,2.7545670893466694
2013-05-29,2.76775694143374
2013-05-30,2.834016546548638
2013-05-31,2.7836264024886828
2013-06-03,2.8104381046287212
2013-06-04,2.79600224854794
2013-06-05,2.7866015860942968
2013-06-06,2.7961908588867592
2013-06-07,2.7941670358174657
2013-06-10,2.8047398454407784
2013-06-11,2.819479935743412
2013-06-12,2.8264420454944603
2013-06-13,2.877878485104446
2013-06-14,2.7951907988113778
2013-06-17,2.779249287583747
2013-06-18,2.785422904123464
2013-06-19,2.79208000074143
2013-06-20,2.856344066870218
2013-06-21,2.851577165871251
2013-06-24,2.8854364877712335
2013-06-25,2.8980918050041637
2013-06-26,2.9351792021367435
2013-06-27,2.9147637394606476
2013-06-28,2.8185867458454097
2013-07-01,2.772292576412527
2013-07-02,2.7329355765699415
2013-07-03,2.6997185804511323
2013-07-04,2.6683451110048457
2013-07-05,2.680137537060511
2013-07-08,2.666747997252545
2013-07-09,2.6702919015505326
2013-07-10,2.6709366715553253
2013-07-11,2.6650827668141677
2013-07-12,2.6885396897159515
2013-07-15,2.6791755204705248
2013-07-16,2.6568860687100804
2013-07-17,2.648442357657605
2013-07-18,2.624361536011877
2013-07-19,2.618400457668825
2013-07-22,2.6171995133363852
2013-07-23,2.6103011104899565
2013-07-24,2.627164394556717
2013-07-25,2.6361663450466297
2013-07-26,2.6452538361516598
2013-07-29,2.66492454531622
2013-07-30,2.6682008195828084
2013-07-31,2.68709113205788
2013-08-01,2.6677584191942483
2013-08-02,2.688495002464006
2013-08-05,2.6631417815630485
2013-08-06,2.7277786575902994
2013-08-07,2.7357216549555083
2013-08-08,2.7108250331535064
2013-08-09,2.7108250331535064
2013-08-12,2.726005495268998
2013-08-13,2.6539525698321222
2013-08-14,2.6932128836062654
2013-08-15,2.6932128836062654
2013-08-16,2.6913436730908016
2013-08-19,2.7258417184063264
2013-08-20,2.688333956920353
2013-08-21,2.713413749419825
2013-08-22,2.6770766318008006
2013-08-23,2.622323587287325
2013-08-26,2.621391232450086
2013-08-27,2.7141421428207524
2013-08-28,2.7185671444752764
2013-08-29,2.698780947687027
2013-08-30,2.6576551968754787
2013-09-02,2.6138406148371494
2013-09-03,2.651336669425772
2013-09-04,2.6356243114644347
2013-09-05,2.5038265640372326
2013-09-06,2.558540463006987
2013-09-09,2.558540463006987
2013-09-10,2.644130827605002
2013-09-11,2.6586082398458233
2013-09-12,2.5962363357116347
2013-09-13,2.58686959464016
2013-09-16,2.619218702961437
2013-09-17,2.6260634794920206
2013-09-18,2.666174232272313
2013-09-19,2.8287578445695614
2013-09-20,2.7365160621360767
2013-09-23,2.632382590850717
2013-09-24,2.6383747874585595
2013-09-25,2.612843338675729
2013-09-26,2.612622613243577
2013-09-27,2.5798966220460384
2013-09-30,2.5971728757694166
2013-10-01,2.5533430857933714
2013-10-02,2.5533430857933714
2013-10-03,2.532603169282754
2013-10-04,2.542321289260328
2013-10-07,2.5151873942632696
2013-10-08,2.515195217309765
2013-10-09,2.5456418707536805
2013-10-10,2.572350189900164
2013-10-11,2.6535319405688997
2013-10-14,2.6631147394685626
2013-10-15,2.6258540315481445
2013-10-16,2.6258540315481445
2013-10-17,2.587349315098617
2013-10-18,2.656521803726636
2013-10-21,2.6754888941404396
2013-10-22,2.672266801291217
2013-10-23,2.6771184273342357
2013-10-24,2.6817012736260946
2013-10-25,2.6762675150547017
2013-10-28,2.65838786373673
2013-10-29,2.776910996539642
2013-10-30,2.780612729748978
2013-10-31,2.8165510144516723
2013-11-01,2.8489874844543035
2013-11-04,2.8489874844543035
2013-11-05,2.8315257990065916
2013-11-06,2.791389885098757
2013-11-07,2.740306271791771
2013-11-08,2.7366897268485983
2013-11-11,2.7343897095060696
2013-11-12,2.797821552098055
2013-11-13,2.789254184356432
2013-11-14,2.7277714703476894
2013-11-15,2.7277714703476894
2013-11-18,2.708773227752721
2013-11-19,2.7387862824764664
2013-11-20,2.679910009226804
2013-11-21,2.6803269301069044
2013-11-22,2.660236919703739
2013-11-25,2.587005878812385
2013-11-26,2.558063858299965
2013-11-27,2.5664086134550512
2013-11-28,2.5648039728478453
2013-11-29,2.5521705953123766
2013-12-02,2.563077014399104
2013-12-03,2.554041568855853
2013-12-04,2.524567323228304
2013-12-05,2.608779735864181
2013-12-06,2.6129531482674273
2013-12-09,2.6889881387452457
2013-12-10,2.6491074862056725
2013-12-11,2.615790023709951
2013-12-12,2.616029840082451
2013-12-13,2.566284154975178
2013-12-16,2.5691540043331473
2013-12-17,2.5591248410028338
2013-12-18,2.5423046147561568
2013-12-19,2.58201390052177
2013-12-20,2.548545532423453
2013-12-23,2.537858771770725
2013-12-24,2.5409793335679582
2013-12-25,2.5409793335679582
2013-12-26,2.5420076649590815
2013-12-27,2.5389544787851923
2013-12-30,2.5253973843710646
2013-12-31,2.5162204915503037
2014-01-01,2.5137124953781447
2014-01-02,2.5102290407902164
2014-01-03,2.5422147871181204
2014-01-06,2.560654131654788
2014-01-07,2.5790761772672317
2014-01-08,2.5655364175211313
2014-01-09,2.5687887095044832
2014-01-10,2.5848444100956645
2014-01-13,2.5249523341431424
2014-01-14,2.5233852200967553
2014-01-15,2.5064021666503886
2014-01-16,2.4870363455478164
2014-01-17,2.486162429388867
2014-01-20,2.4692197999881356
2014-01-21,2.4620048645340455
2014-01-22,2.476839857815591
2014-01-23,2.4644730466912996
2014-01-24,2.424882566516792
2014-01-27,2.4997120122218073
2014-01-28,2.532780973170786
2014-01-29,2.5169498878745635
2014-01-30,2.555889248544677
2014-01-31,2.5682868863377846
2014-02-03,2.6313604138826205
2014-02-04,2.601655673962658
2014-02-05,2.5835774548955035
2014-02-06,2.5689174245727098
2014-02-07,2.545499333961355
2014-02-10,2.5384998631169866
2014-02-11,2.5512738918200077
2014-02-12,2.542950880649574
2014-02-13,2.5781280539034443
2014-02-14,2.590182558516619
2014-02-17,2.5606739185796124
2014-02-18,2.5604118580618285
2014-02-19,2.560786117856018
2014-02-20,2.5414178013643296
2014-02-21,2.542675746329606
2014-02-24,2.55099644830419
2014-02-25,2.5521417914845657
2014-02-26,2.567885798827562
2014-02-27,2.567885798827562
2014-02-28,2.617075592845512
2014-03-03,2.5913249410794723
2014-03-04,2.611846768605149
2014-03-05,2.61989796405433
2014-03-06,2.6373773503966165
2014-03-07,2.694351155471757
2014-03-10,2.7161244462644984
2014-03-11,2.7266098735268995
2014-03-12,2.715180087267708
2014-03-13,2.72362738125353
2014-03-14,2.7065331433055593
2014-03-17,2.7065331433055593
2014-03-18,2.7744967291620966
2014-03-19,2.777336151281875
2014-03-20,2.760341776655319
2014-03-21,2.7576576348231807
2014-03-24,2.8032674371036457
2014-03-25,2.8157741262525473
2014-03-26,2.8166454780699097
2014-03-27,2.8312679935751017
2014-03-28,2.8503079185832005
2014-03-31,2.865059626372863
2014-04-01,2.840856880361578
2014-04-02,2.8751451474024967
2014-04-03,2.856751904253186
2014-04-04,2.8380772582923557
2014-04-07,2.8244154611526744
2014-04-08,2.8244154611526744
2014-04-09,2.8950582143930204
2014-04-10,2.920279963435882
2014-04-11,2.88739818329186
2014-04-14,2.88739818329186
2014-04-15,2.841521870110565
2014-04-16,2.8326927580702224
2014-04-17,2.897748961893043
2014-04-18,2.897748961893043
2014-04-21,2.9384427147553867
2014-04-22,2.9217028947503683
2014-04-23,2.9322778084891876
2014-04-24,2.9322778084891876
2014-04-25,2.9046035945649633
2014-04-28,2.898519743772985
2014-04-29,2.885464537514366
2014-04-30,2.868279278724455
2014-05-01,2.868279278724455
2014-05-02,2.8722598696074484
2014-05-05,2.8668431733334123
2014-05-06,2.844499906183538
2014-05-07,2.8560872096090693
2014-05-08,2.8693020919297973
2014-05-09,2.8641755194937604
2014-05-12,2.96752243878071
2014-05-13,2.9882231624023587
2014-05-14,2.985939579813879
2014-05-15,2.9937109245800984
2014-05-16,3.087598683324738
2014-05-19,3.137627962329856
2014-05-20,3.1139031742344523
2014-05-21,3.080990481311659
2014-05-22,3.1107381566617187
2014-05-23,3.192341515833176
2014-05-26,3.1907296225169244
2014-05-27,3.1536135811686443
2014-05-28,3.1547151614677786
2014-05-29,3.1640831040198982
2014-05-30,3.1403312127291607
2014-06-02,3.210264471979403
2014-06-03,3.21885365105672
2014-06-04,3.28315595133767
2014-06-05,3.324372634575893
2014-06-06,3.365702756979114
2014-06-09,3.3939633024183617
2014-06-10,3.3939984397360625
2014-06-11,3.380205232321466
2014-06-12,3.402113931100732
2014-06-13,3.3247745735427374
2014-06-16,3.2987269009138656
2014-06-17,3.3351845542763696
2014-06-18,3.3027514855662776
2014-06-19,3.264717978758835
2014-06-20,3.2453081228876592
2014-06-23,3.253761913531533
2014-06-24,3.2889446081632125
2014-06-25,3.298227993647126
2014-06-26,3.2670262090564766
2014-06-27,3.2409636601225835
2014-06-30,3.2683362340441233
2014-07-01,3.288447471062068
2014-07-02,3.3356124730846206
2014-07-03,3.347475535457378
2014-07-04,3.3675239737283604
2014-07-07,3.366662215657193
2014-07-08,3.2859693042923035
2014-07-09,3.253807504987111
2014-07-10,3.2617038684602373
2014-07-11,3.3007554207843572
2014-07-14,3.2954045732819433
2014-07-15,3.2508964612330664
2014-07-16,3.229878521276314
2014-07-17,3.2225151069861884
2014-07-18,3.2206279549604053
2014-07-21,3.2322914813943844
2014-07-22,3.254252499226987
2014-07-23,3.264679085472624
2014-07-24,3.2663091752083604
2014-07-25,3.2265003802857977
2014-07-28,3.2220058542482772
2014-07-29,3.2220058542482772
2014-07-30,3.2314803586295295
2014-07-31,3.2215624641853187
2014-08-01,3.2261717898664823
2014-08-04,3.226546211540664
2014-08-05,3.2108533363415757
2014-08-06,3.2082381530584767
2014-08-07,3.2185245670972584
2014-08-08,3.2466203370516387
2014-08-11,3.233861781467401
2014-08-12,3.170845336342037
2014-08-13,3.1740513191037936
2014-08-14,3.179364052355635
2014-08-15,3.179364052355635
2014-08-18,3.227440208271431
2014-08-19,3.2522500941078127
2014-08-20,3.243806782782788
2014-08-21,3.2326904716132727
2014-08-22,3.2505737117112954
2014-08-25,3.243583204268123
2014-08-26,3.2360399299909477
2014-08-27,3.2622625879332885
2014-08-28,3.2718180347635535
2014-08-29,3.2718180347635535
2014-09-01,3.306380217847634
2014-09-02,3.3168421924889095
2014-09-03,3.317237700383431
2014-09-04,3.2931901004657234
2014-09-05,3.275558480513418
2014-09-08,3.3210959569947
2014-09-09,3.3185933275965187
2014-09-10,3.313372652568888
2014-09-11,3.319309767128689
2014-09-12,3.34147793614435
2014-09-15,3.3246194392010997
2014-09-16,3.271689644803233
2014-09-17,3.2594301909069907
2014-09-18,3.235155090421305
2014-09-19,3.229970770473515
2014-09-22,3.259036719998212
2014-09-23,3.1955261940021567
2014-09-24,3.185214578955481
2014-09-25,3.2393524422622235
2014-09-26,3.194005887699416
2014-09-29,3.1925974904003143
2014-09-30,3.2271236462306803
2014-10-01,3.213058919367738
2014-10-02,3.213058919367738
2014-10-03,3.213058919367738
2014-10-06,3.213058919367738
2014-10-07,3.2351220510765377
2014-10-08,3.2141030929001104
2014-10-09,3.1836723401246987
2014-10-10,3.1089140958976227
2014-10-13,3.091410367365148
2014-10-14,3.103426068787438
2014-10-15,3.103426068787438
2014-10-16,3.114971586274283
2014-10-17,3.0805556534134917
2014-10-20,3.06127455897491
2014-10-21,3.084467443826994
2014-10-22,3.123716830150584
2014-10-23,3.123716830150584
2014-10-24,3.123716830150584
2014-10-27,3.111486797774156
2014-10-28,3.1261585724938272
2014-10-29,3.159053477070409
2014-10-30,3.177750476408028
2014-10-31,3.2430347523328997
2014-11-03,3.2385612933801142
2014-11-04,3.2385612933801142
2014-11-05,3.265663304769504
2014-11-06,3.265663304769504
2014-11-07,3.253745465454704
2014-11-10,3.2419535273938167
2014-11-11,3.254751519462057
2014-11-12,3.284022206749617
2014-11-13,3.262184220543312
2014-11-14,3.2807264893979324
2014-11-17,3.32477317931266
2014-11-18,3.3342859595821244
2014-11-19,3.305928438582182
2014-11-20,3.309450436847713
2014-11-21,3.3488722562262234
2014-11-24,3.373433100315803
2014-11-25,3.3445363267325945
2014-11-26,3.3416751951187633
2014-11-27,3.3495917872906174
2014-11-28,3.3670966303209844
2014-12-01,3.3700167532278034
2014-12-02,3.353550913540026
2014-12-03,3.3630516312852974
2014-12-04,3.380396195907105
2014-12-05,3.3681024873289664
2014-12-08,3.3392834014998978
2014-12-09,3.336759925261114
2014-12-10,3.341278251370025
2014-12-11,3.3404347799986773
2014-12-12,3.350368510649899
2014-12-15,3.3518846749297095
2014-12-16,3.362304049956319
2014-12-17,3.369421674295724
2014-12-18,3.285827715371629
2014-12-19,3.2888931466405698
2014-12-22,3.285036992923142
2014-12-23,3.275484253710581
2014-12-24,3.2741210591473795
2014-12-25,3.2741210591473795
2014-12-26,3.266306024430739
2014-12-29,3.2483284283650096
2014-12-30,3.2545479927699548
2014-12-31,3.2591716901761645
2015-01-01,3.2562003414211644
2015-01-02,3.3016970264576733
2015-01-05,3.323527839402252
2015-01-06,3.213560683647792
2015-01-07,3.2298842181292278
2015-01-08,3.1742828592643537
2015-01-09,3.1958250264053074
2015-01-12,3.1803643086971065
2015-01-13,3.1801843807158043
2015-01-14,3.1977377460927823
2015-01-15,3.1910796978187856
2015-01-16,3.180875878026227
2015-01-19,3.2083870612923358
2015-01-20,3.264063342745944
2015-01-21,3.277199799927768
2015-01-22,3.2887922766084188
2015-01-23,3.3326413462464703
2015-01-26,3.3326413462464703
2015-01-27,3.405412262371871
2015-01-28,3.3989888364526655
2015-01-29,3.401258774038783
2015-01-30,3.3029496420738385
2015-02-02,3.3313205330832094
2015-02-03,3.341333138540958
2015-02-04,3.334654593225994
2015-02-05,3.3610149147724973
2015-02-06,3.3351270830309394
2015-02-09,3.4128686176261898
2015-02-10,3.362170611670596
2015-02-11,3.348021103774325
2015-02-12,3.3217220496274793
2015-02-13,3.287735077796526
2015-02-16,3.2993360307626363
2015-02-17,3.2993360307626363
2015-02-18,3.306255870397349
2015-02-19,3.3103626835101774
2015-02-20,3.3108243711410035
2015-02-23,3.309706622342331
2015-02-24,3.299141529783766
2015-02-25,3.2962232668392444
2015-02-26,3.2999292598001118
2015-02-27,3.2046090127292715
2015-03-02,3.2019441040924024
2015-03-03,3.1948308077820924
2015-03-04,3.1644667643235067
2015-03-05,3.1673382803236967
2015-03-06,3.1673382803236967
2015-03-09,3.126004274656696
2015-03-10,3.1361837970658346
2015-03-11,3.1527827244872184
2015-03-12,3.1262301592541477
2015-03-13,3.1655144293285318
2015-03-16,3.16065780273684
2015-03-17,3.130177151776058
2015-03-18,3.1136532674651107
2015-03-19,3.135963013865047
2015-03-20,3.167811288516697
2015-03-23,3.1890633306313854
2015-03-24,3.2256456764041266
2015-03-25,3.2133657123433563
2015-03-26,3.3025262106799023
2015-03-27,3.2532437771819023
2015-03-30,3.2017578151582513
2015-03-31,3.210876801166889
2015-04-01,3.1493718746802104
2015-04-02,3.1493718746802104
2015-04-03,3.1493718746802104
2015-04-06,3.151287796514061
2015-04-07,3.1603615896829425
2015-04-08,3.1611949051323496
2015-04-09,3.129167442673527
2015-04-10,3.1407892843476413
2015-04-13,3.140726275835232
2015-04-14,3.140726275835232
2015-04-15,3.137111517971202
2015-04-16,3.1382823997529687
2015-04-17,3.1396779822015466
2015-04-20,3.158696450896262
2015-04-21,3.1954096381264154
2015-04-22,3.182259486575978
2015-04-23,3.183465564120146
2015-04-24,3.1920346314725885
2015-04-27,3.207783208969085
2015-04-28,3.1609701711867197
2015-04-29,3.176830306868404
2015-04-30,3.1965991611409015
2015-05-01,3.1965991611409015
2015-05-04,3.169386324268932
2015-05-05,3.1846224952822593
2015-05-06,3.181201011339205
2015-05-07,3.242190581691079
2015-05-08,3.151088858631084
2015-05-11,3.07516799449569
2015-05-12,3.0531845721651143
2015-05-13,2.994795434636667
2015-05-14,3.000498423021657
2015-05-15,3.0139368287632977
2015-05-18,2.998459657920063
2015-05-19,2.9863183649017024
2015-05-20,3.004343566386023
2015-05-21,2.9825061397709316
2015-05-22,2.9699675051346244
2015-05-25,2.964161599227067
2015-05-26,2.9819326614423156
2015-05-27,3.0017125880908364
2015-05-28,2.9800019362767927
2015-05-29,2.990724207128872
2015-06-01,3.0111279283952843
2015-06-02,2.9388553369740147
2015-06-03,2.9843330876638188
2015-06-04,2.9871484467644702
2015-06-05,3.0101763416037475
2015-06-08,3.0293912243890935
2015-06-09,3.018591458294716
2015-06-10,2.9712489805334954
2015-06-11,3.0128100985300876
2015-06-12,2.999090976433709
2015-06-15,2.996980748682117
2015-06-16,2.985003491701076
2015-06-17,2.982200857194999
2015-06-18,2.9605676621639034
2015-06-19,2.9961326809652666
2015-06-22,3.0191822004032214
2015-06-23,3.0351340764007766
2015-06-24,3.034636010310975
2015-06-25,3.0372277773297958
2015-06-26,3.0291290702724876
2015-06-29,3.011266958155023
2015-06-30,3.0050476615823385
2015-07-01,3.018127085987452
2015-07-02,2.999838219348021
2015-07-03,3.0198793176331744
2015-07-06,3.0307813770930516
2015-07-07,3.0270193892102704
2015-07-08,3.021158451572218
2015-07-09,3.0252839569366308
2015-07-10,3.034448977972252
2015-07-13,3.0396318181781385
2015-07-14,3.04876704379709
2015-07-15,3.0620793134109228
2015-07-16,3.0894309894992453
2015-07-17,3.0851650533528154
2015-07-20,3.0849310283113005
2015-07-21,3.0691624696212396
2015-07-22,3.0721621233201595
2015-07-23,3.0513466921457466
2015-07-24,3.027658192753292
2015-07-27,3.045769734942915
2015-07-28,3.07730800520294
2015-07-29,3.077749722258364
2015-07-30,3.0673797073421807
2015-07-31,3.009301793308057
2015-08-03,3.0122761184426103
2015-08-04,3.040081236914834
2015-08-05,3.0437921890251864
2015-08-06,3.03656956747552
2015-08-07,3.0042718580452745
2015-08-10,2.9966545224274004
2015-08-11,2.981354706098215
2015-08-12,3.0449590913707567
2015-08-13,3.0439005297329955
2015-08-14,2.9881453047009723
2015-08-17,2.9566700962596872
2015-08-18,2.9942388900495875
2015-08-19,2.9774966952190276
2015-08-20,2.9578590188916696
2015-08-21,2.985026749740517
2015-08-24,3.1322765731065783
2015-08-25,3.0515871971890633
2015-08-26,3.0701112433970628
2015-08-27,3.039280159888335
2015-08-28,3.0199840848508313
2015-08-31,3.0426838653620196
2015-09-01,3.134197158799342
2015-09-02,3.1871468371252645
2015-09-03,3.129673496299103
2015-09-04,3.2168723485109654
2015-09-07,3.2572493307769106
2015-09-08,3.170715266232116
2015-09-09,3.089785952439014
2015-09-10,3.112572554554256
2015-09-11,3.0933774951068598
2015-09-14,3.066405314101696
2015-09-15,3.06480188218591
2015-09-16,3.035582486294585
2015-09-17,3.035582486294585
2015-09-18,3.018608594795629
2015-09-21,3.03839097858061
2015-09-22,3.0106478908652523
2015-09-23,3.0187074610686437
2015-09-24,3.0525950899942385
2015-09-25,3.0525950899942385
2015-09-28,3.091129400511682
2015-09-29,3.099527174499775
2015-09-30,3.0593014518181016
2015-10-01,3.0571206168210097
2015-10-02,3.0571206168210097
2015-10-05,2.9900097096346037
2015-10-06,2.9673372470756707
2015-10-07,2.9891500571585157
2015-10-08,2.9786968471442643
2015-10-09,3.0340253911907604
2015-10-12,3.0489399257868994
2015-10-13,3.035988482100613
2015-10-14,3.0184418847434693
2015-10-15,3.0683897707385226
2015-10-16,3.0980940154446754
2015-10-19,3.0814636438325387
2015-10-20,3.092062664198308
2015-10-21,3.0682607724744733
2015-10-22,3.0682607724744733
2015-10-23,3.0796646935638448
2015-10-26,3.070531146797527
2015-10-27,3.0459643979068667
2015-10-28,3.0092035533565933
2015-10-29,3.0101002410269873
2015-10-30,2.9939850730346884
2015-11-02,2.9968307522701627
2015-11-03,2.9860382560658323
2015-11-04,3.0353219438703944
2015-11-05,3.0588880963345932
2015-11-06,3.034725333245995
2015-11-09,3.0966042442008535
2015-11-10,3.1085257688381036
2015-11-11,3.1085257688381036
2015-11-12,3.1085257688381036
2015-11-13,3.0982163698689127
2015-11-16,3.063011880564007
2015-11-17,3.0673832926465048
2015-11-18,3.0691391087543107
2015-11-19,3.019173518678436
2015-11-20,3.023837264117236
2015-11-23,3.0201783218738907
2015-11-24,3.0151281723180157
2015-11-25,3.0151281723180157
2015-11-26,3.0382568820331946
2015-11-27,2.9963147527810223
2015-11-30,3.0126315177448317
2015-12-01,3.009760412533175
2015-12-02,2.974731987926405
2015-12-03,2.942507098388263
2015-12-04,2.956944289581279
2015-12-07,2.9654837223632833
2015-12-08,2.9823405403544014
2015-12-09,3.020256621238061
2015-12-10,3.01867158485648
2015-12-11,3.0809672509811374
2015-12-14,3.075131923366995
2015-12-15,3.0655493019236304
2015-12-16,3.0424513650618428
2015-12-17,3.0314786487506793
2015-12-18,3.037349854523618
2015-12-21,3.0069292283120808
2015-12-22,3.001133169052208
2015-12-23,2.994871905539522
2015-12-24,2.977697853009335
2015-12-25,2.977697853009335
2015-12-28,2.9468316660592695
2015-12-29,2.9467006240424345
2015-12-30,2.938099234391052
2015-12-31,2.9380218140852437
2016-01-01,2.9562692301531897
2016-01-04,2.8870201624856815
2016-01-05,2.900740258083107
2016-01-06,2.9447254375003196
2016-01-07,3.0574627642131045
2016-01-08,3.0471187349534334
2016-01-11,3.0532766384752392
2016-01-12,3.088994293528624
2016-01-13,3.0494640514755367
2016-01-14,3.0995976836525205
2016-01-15,3.186666997279548
2016-01-18,3.2205086857406338
2016-01-19,3.169856084903095
2016-01-20,3.267307297814976
2016-01-21,3.3123340627377225
2016-01-22,3.20121465280289
2016-01-25,3.2094496477387295
2016-01-26,3.2094496477387295
2016-01-27,3.191571062681404
2016-01-28,3.207843767040792
2016-01-29,3.2048507561968966
2016-02-01,3.2779699543395013
2016-02-02,3.322671177468214
2016-02-03,3.380976742404849
2016-02-04,3.3801086609217794
2016-02-05,3.3337360131429605
2016-02-08,3.352454494541064
2016-02-09,3.417090122519471
2016-02-10,3.4987570637971617
2016-02-11,3.637298851964373
2016-02-12,3.598654384364494
2016-02-15,3.441565716984294
2016-02-16,3.542511424515716
2016-02-17,3.5171854615449627
2016-02-18,3.4935562152368957
2016-02-19,3.4743603139517054
2016-02-22,3.482014678952079
2016-02-23,3.546788803389323
2016-02-24,3.6123952553028076
2016-02-25,3.6791899113268425
2016-02-26,3.639536501971906
2016-02-29,3.655156723985035
2016-03-01,3.4879651212957943
2016-03-02,3.460213598187318
2016-03-03,3.514277844723506
2016-03-04,3.5615139267918736
2016-03-07,3.5615139267918736
2016-03-08,3.559650850784179
2016-03-09,3.5485831434993615
2016-03-10,3.5248987811631913
2016-03-11,3.5388517558799046
2016-03-14,3.5899869298919893
2016-03-15,3.5800501107611216
2016-03-16,3.5984631543648145
2016-03-17,3.5974903921163492
2016-03-18,3.6357260316425437
2016-03-21,3.702367621412114
2016-03-22,3.715462964698713
2016-03-23,3.7193455683085506
2016-03-24,3.7193455683085506
2016-03-25,3.7193455683085506
2016-03-28,3.622588079641794
2016-03-29,3.622021800238262
2016-03-30,3.6549348497053225
2016-03-31,3.6417423814690677
2016-04-01,3.632634234106293
2016-04-04,3.646189740704312
2016-04-05,3.5132832568153343
2016-04-06,3.5309774517310055
2016-04-07,3.5548262291936856
2016-04-08,3.5513011571491067
2016-04-11,3.542414056233596
2016-04-12,3.531353635859267
2016-04-13,3.585235899356844
2016-04-14,3.585235899356844
2016-04-15,3.585235899356844
2016-04-18,3.5678224712467514
2016-04-19,3.5678224712467514
2016-04-20,3.5584822845219404
2016-04-21,3.59190866398834
2016-04-22,3.630877122125411
2016-04-25,3.598394661477239
2016-04-26,3.6635810634038704
2016-04-27,3.6338312283676606
2016-04-28,3.5658599362491223
2016-04-29,3.5608305871965644
2016-05-02,3.587365739116678
2016-05-03,3.6138197157465863
2016-05-04,3.5970974074211925
2016-05-05,3.580894902430681
2016-05-06,3.54011011955994
2016-05-09,3.504065805249981
2016-05-10,3.483740282293244
2016-05-11,3.493780261234871
2016-05-12,3.45630559494039
2016-05-13,3.4170860787571806
2016-05-16,3.448450166106829
2016-05-17,3.4593965189176794
2016-05-18,3.4463578912753725
2016-05-19,3.4567132140132175
2016-05-20,3.48469244253066
2016-05-23,3.4903798366586303
2016-05-24,3.466761032343621
2016-05-25,3.430790325338681
2016-05-26,3.451266383546051
2016-05-27,3.505576114292758
2016-05-30,3.531894417058015
2016-05-31,3.6210352352321946
2016-06-01,3.5786887350829097
2016-06-02,3.6004640191815414
2016-06-03,3.6073315141611344
2016-06-06,3.6083161325383974
2016-06-07,3.667452888463959
2016-06-08,3.6815162428556114
2016-06-09,3.6683229684268173
2016-06-10,3.6261050584274965
2016-06-13,3.5718000940477372
2016-06-14,3.5900408148897225
2016-06-15,3.6318052815846897
2016-06-16,3.5991863755373696
2016-06-17,3.6083507938403194
2016-06-20,3.6498756759332505
2016-06-21,3.6497055322471574
2016-06-22,3.6308585363268566
2016-06-23,3.6838928741414594
2016-06-24,3.5459728695741903
2016-06-27,3.563349507511022
2016-06-28,3.5589060315174885
2016-06-29,3.5319816504725363
2016-06-30,3.5269796610494284
2016-07-01,3.525878326563744
2016-07-04,3.5723251477623226
2016-07-05,3.5481127359035494
2016-07-06,3.5481127359035494
2016-07-07,3.533794567771113
2016-07-08,3.5045604069211276
2016-07-11,3.601362645738904
2016-07-12,3.650894227916654
2016-07-13,3.6382794700730585
2016-07-14,3.6908364050566593
2016-07-15,3.7074695468265313
2016-07-18,3.6911990703224102
2016-07-19,3.7172219226811323
2016-07-20,3.7150562485507064
2016-07-21,3.6729826385322792
2016-07-22,3.6980350401058493
2016-07-25,3.758653219197525
2016-07-26,3.7112145187507393
2016-07-27,3.758755243010766
2016-07-28,3.7990110604081035
2016-07-29,3.766916065310558
2016-08-01,3.754583015378087
2016-08-02,3.760317260978652
2016-08-03,3.7191050213850967
2016-08-04,3.6926839258851785
2016-08-05,3.6990085857645396
2016-08-08,3.7090543790532924
2016-08-09,3.7035958560118027
2016-08-10,3.6661098102611396
2016-08-11,3.650843825256497
2016-08-12,3.6360675565181597
2016-08-15,3.6360675565181597
2016-08-16,3.6212694938995464
2016-08-17,3.6256621397919337
2016-08-18,3.63384142114553
2016-08-19,3.6470876249329187
2016-08-22,3.61795887290948
2016-08-23,3.613479939934866
2016-08-24,3.638143588490693
2016-08-25,3.631181003532238
2016-08-26,3.6135670314904584
2016-08-29,3.6276544993230018
2016-08-30,3.66056977474036
2016-08-31,3.6895956051446666
2016-09-01,3.700250252395259
2016-09-02,3.7308298665688437
2016-09-05,3.7308298665688437
2016-09-06,3.8509152260549486
2016-09-07,3.868348815719517
2016-09-08,3.887569340029033
2016-09-09,3.843979414047199
2016-09-12,3.760750422193279
2016-09-13,3.760750422193279
2016-09-14,3.768025019079194
2016-09-15,3.7668569237011567
2016-09-16,3.7679751121509537
2016-09-19,3.775115483190559
2016-09-20,3.76582233109802
2016-09-21,3.756760006401667
2016-09-22,3.7907621319746245
2016-09-23,3.7689237877431556
2016-09-26,3.7040003033563296
2016-09-27,3.7133125099970865
2016-09-28,3.690420651752199
2016-09-29,3.714997236788455
2016-09-30,3.6976386626286026
2016-10-03,3.68540972951487
2016-10-04,3.677924483150175
2016-10-05,3.6954757931942956
2016-10-06,3.6884004766906062
2016-10-07,3.7091951219381762
2016-10-10,3.703736950106849
2016-10-11,3.703736950106849
2016-10-12,3.703736950106849
2016-10-13,3.70911460964333
2016-10-14,3.685111042151866
2016-10-17,3.6362389732786644
2016-10-18,3.628660374896896
2016-10-19,3.609245348148265
2016-10-20,3.649925556817162
2016-10-21,3.64441066248641
2016-10-24,3.659558283105931
2016-10-25,3.6699411946048186
2016-10-26,3.6226091540175474
2016-10-27,3.632453445695144
2016-10-28,3.592660056171767
2016-10-31,3.592660056171767
2016-11-01,3.6005773841920674
2016-11-02,3.605887412749513
2016-11-03,3.6160554496106494
2016-11-04,3.6135211861747147
2016-11-07,3.577867171477569
2016-11-08,3.543817065612766
2016-11-09,3.566741890236385
2016-11-10,3.6147813907943838
2016-11-11,3.583543738735342
2016-11-14,3.583543738735342
2016-11-15,3.699757244109648
2016-11-16,3.684793424569285
2016-11-17,3.678732793639271
2016-11-18,3.688367714237861
2016-11-21,3.7285558658480284
2016-11-22,3.6847326714237347
2016-11-23,3.678712700441975
2016-11-24,3.7330818006385167
2016-11-25,3.704858291304663
2016-11-28,3.721291660425944
2016-11-29,3.6860046425507327
2016-11-30,3.6158901784655204
2016-12-01,3.646261420624009
2016-12-02,3.6577563208502006
2016-12-05,3.61485926760757
2016-12-06,3.5979877627066883
2016-12-07,3.6132694048652776
2016-12-08,3.5378722034150583
2016-12-09,3.53538908878041
2016-12-12,3.522485887550258
2016-12-13,3.4939970986243822
2016-12-14,3.480896731654296
2016-12-15,3.470846630552351
2016-12-16,3.4594686762625178
2016-12-19,3.4439302242496885
2016-12-20,3.4697855044629975
2016-12-21,3.4568430615512424
2016-12-22,3.4858402931757664
2016-12-23,3.4624353348249874
2016-12-26,3.497127160653874
2016-12-27,3.457103431414793
2016-12-28,3.457996002346898
2016-12-29,3.4484848271303057
2016-12-30,3.44494830114638
2017-01-02,3.4997132103646784
2017-01-03,3.4884067995228714
2017-01-04,3.5070322833828036
2017-01-05,3.5344571716513618
2017-01-06,3.5214690919080773
2017-01-09,3.5290356754091077
2017-01-10,3.5644770744829075
2017-01-11,3.5962172366677048
2017-01-12,3.6056555980035934
2017-01-13,3.588865331985113
2017-01-16,3.618010166259948
2017-01-17,3.607741365603365
2017-01-18,3.6146732982859193
2017-01-19,3.63249917491554
2017-01-20,3.5829396060071548
2017-01-23,3.5874498013975202
2017-01-24,3.6203744455465046
2017-01-25,3.6569727206220124
2017-01-26,3.6569727206220124
2017-01-27,3.654831333049557
2017-01-30,3.6305097751545587
2017-01-31,3.6045126973750894
2017-02-01,3.722846808733006
2017-02-02,3.717845933503691
2017-02-03,3.706253804659793
2017-02-06,3.728022383137824
2017-02-07,3.703301475671856
2017-02-08,3.6865258804861236
2017-02-09,3.676901177903962
2017-02-10,3.672807620810847
2017-02-13,3.6627572803674817
2017-02-14,3.6869857950193783
2017-02-15,3.753622585824345
2017-02-16,3.723418341353113
2017-02-17,3.734315802407222
2017-02-20,3.757370577888184
2017-02-21,3.7597636630042848
2017-02-22,3.761828965598865
2017-02-23,3.745836000055712
2017-02-24,3.745836000055712
2017-02-27,3.7255223602847893
2017-02-28,3.731186879569487
2017-03-01,3.747933581482231
2017-03-02,3.715746683400043
2017-03-03,3.7298810088119843
2017-03-06,3.7055944144997146
2017-03-07,3.7145643989361226
2017-03-08,3.7239547476995103
2017-03-09,3.7126645670044276
2017-03-10,3.7156863684282277
2017-03-13,3.7156863684282277
2017-03-14,3.7247438800942665
2017-03-15,3.721594246482373
2017-03-16,3.7418774469918796
2017-03-17,3.7283667440748682
2017-03-20,3.712946700174906
2017-03-21,3.703851903085294
2017-03-22,3.670204590833804
2017-03-23,3.6470976848728056
2017-03-24,3.612431312456962
2017-03-27,3.620801951231256
2017-03-28,3.615917779734202
2017-03-29,3.6400621589277473
2017-03-30,3.655940228321652
2017-03-31,3.639978360620959
2017-04-03,3.6615946372650736
2017-04-04,3.6615946372650736
2017-04-05,3.7025598714570602
2017-04-06,3.6833820068547403
2017-04-07,3.655792685026192
2017-04-10,3.643213673489626
2017-04-11,3.640351878164066
2017-04-12,3.604952026528926
2017-04-13,3.611898708200901
2017-04-14,3.611898708200901
2017-04-17,3.6092793716440714
2017-04-18,3.6231303402338457
2017-04-19,3.6170194984081294
2017-04-20,3.6394954297082753
2017-04-21,3.6567895962520303
2017-04-24,3.6655269836402256
2017-04-25,3.666180004862936
2017-04-26,3.6659750921695884
2017-04-27,3.657696941551894
2017-04-28,3.651255156654356
2017-05-01,3.651255156654356
2017-05-02,3.6519091043092438
2017-05-03,3.659970709312913
2017-05-04,3.6456564825496725
2017-05-05,3.663273668461175
2017-05-08,3.6707372398017557
2017-05-09,3.6565205863256858
2017-05-10,3.6663477582857062
2017-05-11,3.6835390142569553
2017-05-12,3.6681410580781515
2017-05-15,3.694688190234758
2017-05-16,3.718605512102609
2017-05-17,3.714057099588028
2017-05-18,3.667323092920757
2017-05-19,3.6619992494271556
2017-05-22,3.642517448284136
2017-05-23,3.668318230601782
2017-05-24,3.7015159889356997
2017-05-25,3.744078168336385
2017-05-26,3.773848255574721
2017-05-29,3.7809505603214184
2017-05-30,3.7858465657778053
2017-05-31,3.7959898127901024
2017-06-01,3.778564022931565
2017-06-02,3.780280337663808
2017-06-05,3.784576787071633
2017-06-06,3.755626197734062
2017-06-07,3.7768663529710795
2017-06-08,3.771619582269797
2017-06-09,3.796172664988434
2017-06-12,3.7628401249830783
2017-06-13,3.7719410203464294
2017-06-14,3.7744847521812033
2017-06-15,3.767768701992701
2017-06-16,3.7501583762886335
2017-06-19,3.768166807893776
2017-06-20,3.748036217908592
2017-06-21,3.7416661206686443
2017-06-22,3.755534043314361
2017-06-23,3.745411497811893
2017-06-26,3.745411497811893
2017-06-27,3.719595657389975
2017-06-28,3.7260828461583886
2017-06-29,3.7486366921492094
2017-06-30,3.740645438585464
2017-07-03,3.750850931435277
2017-07-04,3.7584764429676025
2017-07-05,3.7543808596094705
2017-07-06,3.749156260720648
2017-07-07,3.7415074862359132
2017-07-10,3.73254533513968
2017-07-11,3.7456005494128393
2017-07-12,3.766229039286915
2017-07-13,3.790549424047958
2017-07-14,3.7817836160769867
2017-07-17,3.795777152846952
2017-07-18,3.7917321931631855
2017-07-19,3.807942843149828
2017-07-20,3.7972231846888898
2017-07-21,3.811937150517739
2017-07-24,3.832848985550775
2017-07-25,3.8216004036322984
2017-07-26,3.8457955857854556
2017-07-27,3.84180622572277
2017-07-28,3.8223658617741028
2017-07-31,3.8503778246044256
2017-08-01,3.858518482111957
2017-08-02,3.854930405986643
2017-08-03,3.8332321600640005
2017-08-04,3.8418590976106706
2017-08-07,3.857362622521658
2017-08-08,3.8216890500951117
2017-08-09,3.836231448523549
2017-08-10,3.888836994492939
2017-08-11,3.94455593461313
2017-08-14,3.9133457907588656
2017-08-15,3.9133457907588656
2017-08-16,3.864907835143287
2017-08-17,3.8620609207579735
2017-08-18,3.8692384937100486
2017-08-21,3.9047115157011585
2017-08-22,3.9052123747177863
2017-08-23,3.8564439726117024
2017-08-24,3.8306729118455753
2017-08-25,3.8306729118455753
2017-08-28,3.838517928669281
2017-08-29,3.826485040237288
2017-08-30,3.8079854104126927
2017-08-31,3.822722668798025
2017-09-01,3.810773879479638
2017-09-04,3.8137349417196282
2017-09-05,3.809376817752059
2017-09-06,3.8172894916064757
2017-09-07,3.8394589389904943
2017-09-08,3.8603911324911855
2017-09-11,3.8897712103278455
2017-09-12,3.8729689043097637
2017-09-13,3.872479241007329
2017-09-14,3.8887372657289676
2017-09-15,3.8977014982650333
2017-09-18,3.915372874233098
2017-09-19,3.942114033539873
2017-09-20,3.9153243732341196
2017-09-21,3.9244300603142044
2017-09-22,3.9237423566892753
2017-09-25,3.909489279879248
2017-09-26,3.9045642547839097
2017-09-27,3.9487987327013734
2017-09-28,3.9165598094592813
2017-09-29,3.9015495562215454
2017-10-02,3.9015495562215454
2017-10-03,3.9137028519537482
2017-10-04,3.923660324117632
2017-10-05,3.935057104443471
2017-10-06,3.9146386025869484
2017-10-09,3.9186132075349884
2017-10-10,3.919306589902675
2017-10-11,3.92683779350568
2017-10-12,3.928966850447409
2017-10-13,3.944535514751377
2017-10-16,3.968443886484379
2017-10-17,3.961751993726361
2017-10-18,4.005509107923053
2017-10-19,4.0032547156389064
2017-10-20,4.0032547156389064
2017-10-23,3.979078015079672
2017-10-24,3.942591627151058
2017-10-25,3.9671315448749866
2017-10-26,3.968240294149032
2017-10-27,3.9450643174012865
2017-10-30,3.960425192781748
2017-10-31,3.9388550612806776
2017-11-01,4.0038738526993995
2017-11-02,3.994315695986576
2017-11-03,4.032823111232508
2017-11-06,4.070645368241717
2017-11-07,4.012970416114048
2017-11-08,3.9674376011537626
2017-11-09,3.984479659646527
2017-11-10,3.9952676709458044
2017-11-13,3.980205610315729
2017-11-14,3.9899898698132525
2017-11-15,4.001127248095303
2017-11-16,4.004818060527876
2017-11-17,4.019635911973068
2017-11-20,4.012237620552041
2017-11-21,4.013257528525346
2017-11-22,4.023591163898272
2017-11-23,4.013110996311645
2017-11-24,4.0117240498692635
2017-11-27,4.026943157917927
2017-11-28,4.034723122295082
2017-11-29,4.041784021859126
2017-11-30,4.012066518684306
2017-12-01,4.0434656368508834
2017-12-04,4.021541289786976
2017-12-05,4.018447261601817
2017-12-06,4.066898572560925
2017-12-07,4.056146458621046
2017-12-08,4.037419138843255
2017-12-11,4.04618859028581
2017-12-12,4.033008708928277
2017-12-13,4.055127255770686
2017-12-14,4.041728987364559
2017-12-15,4.060708140345367
2017-12-18,4.057835493584619
2017-12-19,4.09236603966533
2017-12-20,4.085086816353023
2017-12-21,4.073706807655352
2017-12-22,4.0846925707460855
2017-12-25,4.0846925707460855
2017-12-26,4.084991142812291
2017-12-27,4.0689372860823925
2017-12-28,4.079304584767924
2017-12-29,4.107466878026885
2018-01-01,4.080736993113968
2018-01-02,4.094960964956139
2018-01-03,4.06214885613342
2018-01-04,4.046482454095414
2018-01-05,4.050529921969915
2018-01-08,4.0615978398417605
2018-01-09,4.064417042147062
2018-01-10,4.062461478035145
2018-01-11,4.073482633353929
2018-01-12,4.0545258705692255
2018-01-15,4.067948701897979
2018-01-16,4.070295394498926
2018-01-17,4.0693373696868544
2018-01-18,4.082452286950095
2018-01-19,4.0987478886839375
2018-01-22,4.09487913124329
2018-01-23,4.096644795925291
2018-01-24,4.1296855659631335
2018-01-25,4.110776206864198
2018-01-26,4.110776206864198
2018-01-29,4.087266892683722
2018-01-30,4.077689928131907
2018-01-31,4.066203499831662
2018-02-01,4.0426097684477496
2018-02-02,4.064546710778533
2018-02-05,4.04094284808169
2018-02-06,4.111288419999187
2018-02-07,4.1160271372305886
2018-02-08,4.0868272507877705
2018-02-09,4.142091803654576
2018-02-12,4.120024561907369
2018-02-13,4.120024561907369
2018-02-14,4.154652258549023
2018-02-15,4.132853688218894
2018-02-16,4.190231352974398
2018-02-19,4.21761844835432
2018-02-20,4.223786240045734
2018-02-21,4.216420321832762
2018-02-22,4.246338418401097
2018-02-23,4.2095201586590285
2018-02-26,4.140773199818206
2018-02-27,4.1449725646661335
2018-02-28,4.166580326274099
2018-03-01,4.1923688364635066
2018-03-02,4.1923688364635066
2018-03-05,4.244614651189794
2018-03-06,4.314606255458159
2018-03-07,4.3507520659809575
2018-03-08,4.301491597459445
2018-03-09,4.331268249940905
2018-03-12,4.263120607315924
2018-03-13,4.258407627081651
2018-03-14,4.2396601954947455
2018-03-15,4.25462948777417
2018-03-16,4.281826187123324
2018-03-19,4.304888279314429
2018-03-20,4.2975756997142724
2018-03-21,4.301362290311797
2018-03-22,4.300953587760075
2018-03-23,4.356826742713018
2018-03-26,4.280261203678834
2018-03-27,4.2519716677314685
2018-03-28,4.2849594205772625
2018-03-29,4.2849594205772625
2018-03-30,4.2849594205772625
2018-04-02,4.313602469926103
2018-04-03,4.2756709033986
2018-04-04,4.293259047024002
2018-04-05,4.266077444747999
2018-04-06,4.277224766754957
2018-04-09,4.281525937687038
2018-04-10,4.25785131175857
2018-04-11,4.247000779547571
2018-04-12,4.2474388164405505
2018-04-13,4.24695467551794
2018-04-16,4.228646608524517
2018-04-17,4.2405558504968965
2018-04-18,4.235898445329303
2018-04-19,4.237171386773191
2018-04-20,4.229251416971045
2018-04-23,4.229019294588463
2018-04-24,4.2325648283399335
2018-04-25,4.260527418711239
2018-04-26,4.266404081026662
2018-04-27,4.234715308255714
2018-04-30,4.218987905990213
2018-05-01,4.218987905990213
2018-05-02,4.245260669990325
2018-05-03,4.236132935884703
2018-05-04,4.239679815819134
2018-05-07,4.215236060099736
2018-05-08,4.256611477153191
2018-05-09,4.237405973051123
2018-05-10,4.222583422352301
2018-05-11,4.246825500656515
2018-05-14,4.2737802391739645
2018-05-15,4.291717226861584
2018-05-16,4.2587284549142925
2018-05-17,4.242662194305312
2018-05-18,4.264562692929531
2018-05-21,4.277978868935299
2018-05-22,4.215139899340878
2018-05-23,4.233913247233664
2018-05-24,4.282231205676573
2018-05-25,4.247815132037866
2018-05-28,4.249705610088897
2018-05-29,4.218002174671939
2018-05-30,4.23698097033216
2018-05-31,4.283598972372994
2018-06-01,4.226896809512279
2018-06-04,4.201608593694882
2018-06-05,4.220953273226693
2018-06-06,4.201162973603941
2018-06-07,4.178061843286525
2018-06-08,4.189252155591191
2018-06-11,4.201196940221539
2018-06-12,4.214863634319106
2018-06-13,4.213143928182975
2018-06-14,4.182774275108676
2018-06-15,4.1687392137059565
2018-06-18,4.139177505634709
2018-06-19,4.105546269177726
2018-06-20,4.103982533536179
2018-06-21,4.096912186160718
2018-06-22,4.108021096811108
2018-06-25,4.028476898929698
2018-06-26,4.052490500532144
2018-06-27,4.08794707961073
2018-06-28,4.128917125138533
2018-06-29,4.082794077430409
2018-07-02,4.080561875815626
2018-07-03,4.066840428252221
2018-07-04,4.10086965698397
2018-07-05,4.134210795210191
2018-07-06,4.107638149403325
2018-07-09,4.103274386881599
2018-07-10,4.114137024931334
2018-07-11,4.122700818501077
2018-07-12,4.120495376084491
2018-07-13,4.154662901739698
2018-07-16,4.203225954291286
2018-07-17,4.17005825420479
2018-07-18,4.184457148268635
2018-07-19,4.186967161707088
2018-07-20,4.178309757026975
2018-07-23,4.174647097657456
2018-07-24,4.190147183964105
2018-07-25,4.199004466594529
2018-07-26,4.2225802815733
2018-07-27,4.208934655063214
2018-07-30,4.239311157614251
2018-07-31,4.234250052152073
2018-08-01,4.205989892383502
2018-08-02,4.217490055465132
2018-08-03,4.250144611914685
2018-08-06,4.289978250509902
2018-08-07,4.2724745993227256
2018-08-08,4.2653604977744335
2018-08-09,4.305392440960487
2018-08-10,4.297066286860163
2018-08-13,4.283628647268099
2018-08-14,4.290765382532308
2018-08-15,4.290765382532308
2018-08-16,4.269408497003919
2018-08-17,4.275867522745083
2018-08-20,4.311156423069363
2018-08-21,4.304702108359493
2018-08-22,4.304702108359493
2018-08-23,4.257067018466154
2018-08-24,4.244664224091061
2018-08-27,4.276577342502014
2018-08-28,4.282615979312185
2018-08-29,4.29255696280044
2018-08-30,4.278552070966931
2018-08-31,4.247247937581985
2018-09-03,4.2328669470733935
2018-09-04,4.199135674866284
2018-09-05,4.211252532584371
2018-09-06,4.224843270777628
2018-09-07,4.248531560791436
2018-09-10,4.253165817888496
2018-09-11,4.2562293409184875
2018-09-12,4.237223560430739
2018-09-13,4.237223560430739
2018-09-14,4.183262106335809
2018-09-17,4.1863523860948835
2018-09-18,4.262055231119133
2018-09-19,4.287467969717406
2018-09-20,4.287467969717406
2018-09-21,4.322045683716932
2018-09-24,4.424620213630452
2018-09-25,4.37183719059364
2018-09-26,4.4183699550931905
2018-09-27,4.484798302085396
2018-09-28,4.509287392014539
2018-10-01,4.449063811034039
2018-10-02,4.449063811034039
2018-10-03,4.510188249236818
2018-10-04,4.511094925440819
2018-10-05,4.62792165447619
2018-10-08,4.624826318079049
2018-10-09,4.774112458799168
2018-10-10,4.651067077988908
2018-10-11,4.669189251142291
2018-10-12,4.5747818108529295
2018-10-15,4.566474170108302
2018-10-16,4.5292993619554185
2018-10-17,4.599127330750639
2018-10-18,4.599127330750639
2018-10-19,4.650196114713333
2018-10-22,4.678357766144376
2018-10-23,4.690861575019316
2018-10-24,4.686077204382168
2018-10-25,4.7292403727550445
2018-10-26,4.7208634796521824
2018-10-29,4.581717277723676
2018-10-30,4.597760735727347
2018-10-31,4.6133296765755585
2018-11-01,4.606534757376571
2018-11-02,4.488342708565597
2018-11-05,4.498282424457577
2018-11-06,4.493083505621177
2018-11-07,4.498541956439199
2018-11-08,4.498541956439199
2018-11-09,4.528294090356793
2018-11-12,4.450861396523324
2018-11-13,4.503384433250412
2018-11-14,4.550090107545027
2018-11-15,4.561899720224112
2018-11-16,4.565971454978085
2018-11-19,4.551086103803627
2018-11-20,4.523773859640695
2018-11-21,4.533227340025497
2018-11-22,4.5160632329182455
2018-11-23,4.5160632329182455
2018-11-26,4.5493955464070615
2018-11-27,4.577014947171772
2018-11-28,4.600302802732104
2018-11-29,4.611473384622493
2018-11-30,4.635720241765846
2018-12-03,4.634452228803719
2018-12-04,4.614706085908051
2018-12-05,4.618933786745242
2018-12-06,4.6116873489911985
2018-12-07,4.590305791047455
2018-12-10,4.603285231212919
2018-12-11,4.584099439236402
2018-12-12,4.524889323825874
2018-12-13,4.547229409229163
2018-12-14,4.542719597399753
2018-12-17,4.540996564206205
2018-12-18,4.562128780900189
2018-12-19,4.595895190619603
2018-12-20,4.578280797907857
2018-12-21,4.51410248030774
2018-12-24,4.501667328636689
2018-12-25,4.501667328636689
2018-12-26,4.488984176309115
2018-12-27,4.482817349628592
2018-12-28,4.491290929719785
2018-12-31,4.488037191241748
2019-01-01,4.5070341449738915
2019-01-02,4.489969098952837
2019-01-03,4.489856680626666
2019-01-04,4.452089526873959
2019-01-07,4.416640561079766
2019-01-08,4.4582633398447795
2019-01-09,4.469909412684665
2019-01-10,4.463192144384724
2019-01-11,4.439058745747527
2019-01-14,4.421765701839199
2019-01-15,4.4266261046633915
2019-01-16,4.437587800150611
2019-01-17,4.425340115207516
2019-01-18,4.416867019406957
2019-01-21,4.437494086719266
2019-01-22,4.445565306085211
2019-01-23,4.440948210381594
